{
  "version": "1.0",
  "defaultProvider": "cdnjs",
  "libraries": [
    {
      "library": "twitter-bootstrap@5.1.3",
      "destination": "wwwroot/"
    },
    {
      "provider": "filesystem",
      "library": "C:\\Users\\agilepc141\\source\\repos\\WebApplication2\\WebApplication2\\wwwroot\\\\css\\",
      "destination": "wwwroot/css/"
    },
    {
      "provider": "filesystem",
      "library": "C:\\Users\\agilepc141\\source\\repos\\WebApplication2\\WebApplication2\\wwwroot\\js\\",
      "destination": "wwwroot/js/"
    },
    {
      "provider": "filesystem",
      "library": "C:\\Users\\agilepc141\\source\\repos\\WebApplication2\\WebApplication2\\wwwroot\\lib\\",
      "destination": "wwwroot/lib/"
    }
  ]
}